body_temperature,respiratory_rate,walking_capacity,sleeping_duration,heart_rate,ruminating,health_status
40.3,28,5004,6.1,38,5.1,healthy
40.3,31,13209,5.0,79,4.2,healthy
39.3,26,13217,2.8,54,5.1,healthy
38.6,42,5496,7.2,49,5.7,healthy
40.5,22,5004,3.0,52,4.8,healthy
38.6,28,5007,2.8,67,6.1,healthy
40.1,37,12609,2.8,45,6.2,healthy
39.6,23,7991,6.8,46,5.7,healthy
40.5,19,13257,6.9,61,6.9,healthy
40.5,32,5004,7.0,38,4.2,unhealthy
40.4,24,13158,2.8,83,5.6,healthy
40.2,30,5004,6.1,65,3.3,healthy
38.4,29,13256,2.8,65,6.1,healthy
38.9,25,13198,6.1,80,4.7,healthy
40.5,27,13257,5.0,80,5.9,healthy
38.6,19,13257,7.2,72,6.8,healthy
40.5,24,9235,7.2,38,4.6,unhealthy
40.3,19,13249,7.2,37,3.4,unhealthy
40.6,14,13249,2.9,38,5.2,healthy
40.5,32,13257,3.0,72,5.5,healthy
40.2,16,5004,7.2,47,3.6,healthy
38.6,27,13257,2.8,52,4.2,healthy
39.7,33,13153,5.2,83,6.5,healthy
40.3,35,7188,7.2,50,3.1,healthy
38.4,36,13000,6.9,42,4.0,healthy
40.6,29,5388,2.9,47,3.1,healthy
40.5,31,5004,7.0,44,4.8,healthy
40.4,13,7569,2.8,43,5.8,healthy
40.0,25,5211,3.5,39,6.7,healthy
40.3,19,5004,7.2,39,5.1,healthy
38.9,28,13257,5.1,77,7.0,healthy
40.1,28,12600,2.8,46,5.1,healthy
40.5,35,5004,6.9,62,5.5,healthy
40.6,22,5190,2.8,37,6.1,healthy
40.1,14,13183,3.4,77,5.4,healthy
38.6,17,13257,2.8,79,4.6,unhealthy
40.6,22,5070,6.4,48,4.8,healthy
38.8,19,13257,2.8,77,4.7,healthy
39.3,30,5004,3.2,57,3.1,unhealthy
40.3,20,5501,7.2,47,3.9,healthy
40.2,14,13257,2.8,52,5.3,healthy
40.4,26,5004,7.2,49,3.2,healthy
40.3,26,5170,5.6,66,4.2,healthy
40.2,33,6603,7.0,66,4.3,unhealthy
40.1,26,5745,3.5,55,4.3,healthy
40.5,19,5671,6.8,41,4.6,unhealthy
40.2,30,5976,7.0,37,4.3,healthy
40.2,21,11551,5.2,76,5.6,healthy
40.2,29,13256,2.8,58,6.5,healthy
39.2,30,13251,3.4,47,6.8,healthy
40.3,18,13257,6.9,44,5.0,healthy
40.6,35,12245,2.9,55,4.1,unhealthy
40.4,18,5004,7.1,51,4.0,healthy
39.4,26,5004,5.3,60,6.8,healthy
40.4,25,5004,6.7,46,3.9,healthy
39.7,24,9678,5.9,52,4.4,healthy
39.6,19,5004,4.5,40,5.0,healthy
40.6,37,13224,6.9,62,5.3,healthy
40.6,24,13195,4.2,52,3.6,healthy
39.9,22,5307,2.8,64,6.7,healthy
40.4,15,5102,3.3,53,6.6,healthy
39.9,18,13022,2.8,48,3.5,unhealthy
40.1,15,5004,7.0,37,3.2,healthy
40.4,29,5004,2.8,37,6.7,healthy
40.6,27,5004,7.2,39,3.1,healthy
37.0,17,12664,5.2,69,7.0,healthy
31.6,19,13257,2.8,63,6.1,unhealthy
39.9,30,6105,7.2,53,3.5,healthy
40.5,23,13257,2.8,60,4.9,unhealthy
39.5,26,5004,6.7,43,6.1,healthy
40.4,24,5004,5.8,56,3.0,healthy
39.6,24,5004,3.1,46,3.9,healthy
37.9,24,13257,2.8,73,6.5,healthy
39.4,12,13240,2.8,60,5.8,healthy
40.6,31,7341,7.2,44,4.4,unhealthy
40.4,22,5004,4.8,38,6.2,healthy
40.2,27,5004,6.3,38,3.1,healthy
40.2,15,12611,2.8,52,3.2,healthy
40.3,21,11990,3.0,47,6.0,healthy
40.0,21,10121,4.1,60,6.3,healthy
40.6,30,5004,7.0,40,3.4,unhealthy
40.1,27,12999,3.2,58,3.2,unhealthy
40.4,18,13251,5.7,72,5.1,healthy
40.1,13,5004,6.4,59,4.9,healthy
38.7,28,13189,2.9,65,6.9,healthy
40.0,28,5032,7.2,49,3.6,healthy
40.1,26,5598,5.5,68,4.2,healthy
40.1,19,13231,7.1,77,4.8,healthy
38.9,21,13257,2.8,72,3.8,healthy
40.3,19,13257,2.8,70,5.4,unhealthy
40.5,16,13239,7.2,51,3.6,unhealthy
40.5,28,5004,7.2,50,5.2,healthy
40.2,16,13256,6.2,50,6.6,healthy
37.9,27,5488,6.8,51,6.7,healthy
40.4,34,5659,5.6,59,4.5,healthy
39.2,18,13242,3.2,77,5.7,healthy
40.5,33,13100,3.3,40,4.4,healthy
40.3,34,12820,6.3,61,5.6,healthy
40.5,21,5004,3.3,46,3.8,healthy
40.2,44,13257,4.7,58,5.6,healthy
40.5,22,7992,3.0,42,4.1,healthy
40.6,23,5004,7.2,38,5.1,healthy
40.6,21,5004,7.2,40,3.3,healthy
40.5,17,13257,3.3,45,5.5,healthy
37.7,20,13243,3.3,52,3.9,healthy
39.6,31,5004,7.2,46,3.7,healthy
40.4,21,9517,3.2,50,6.7,healthy
38.2,31,5807,2.8,46,4.9,unhealthy
40.6,19,12370,7.2,47,3.0,healthy
39.5,18,5155,3.0,47,6.6,healthy
40.1,35,5237,4.1,47,6.9,unhealthy
40.6,22,5004,5.7,72,3.4,healthy
40.6,22,11350,6.1,48,5.6,healthy
40.3,18,5004,3.4,49,5.3,healthy
40.2,29,13257,4.7,51,6.8,healthy
40.6,38,5004,5.7,38,3.4,healthy
40.0,21,5004,2.9,42,3.9,healthy
40.5,35,6519,5.8,52,3.3,healthy
39.8,22,12834,6.4,59,5.5,healthy
39.6,19,13251,2.8,41,5.7,healthy
40.6,15,5553,4.7,47,4.8,healthy
40.6,31,7735,7.1,38,3.9,unhealthy
39.1,13,13232,3.9,71,6.2,healthy
39.6,14,13164,2.8,52,6.7,healthy
39.6,32,5004,5.5,67,5.5,healthy
39.7,31,5004,3.1,42,3.6,unhealthy
40.5,31,5004,5.3,38,3.4,healthy
40.5,21,5212,3.9,76,5.8,unhealthy
36.0,18,13257,2.8,65,6.5,healthy
40.6,26,5004,7.1,41,3.4,healthy
39.2,35,13257,2.8,54,6.5,healthy
37.2,28,5071,2.9,68,3.4,unhealthy
40.5,31,5004,7.2,52,5.6,healthy
38.3,22,13257,2.8,73,6.8,healthy
38.8,21,13257,2.8,78,6.0,healthy
40.6,27,13257,3.6,72,6.9,healthy
40.3,33,13257,5.9,56,7.0,healthy
40.6,30,13024,6.5,49,4.8,healthy
40.4,35,5817,5.4,59,6.1,healthy
40.3,22,5004,3.0,59,3.9,healthy
40.3,27,12868,3.2,56,6.8,healthy
39.6,22,13256,3.8,65,5.8,healthy
40.2,23,13257,2.8,45,6.6,healthy
40.1,23,5039,7.1,45,6.2,healthy
39.7,14,5004,7.2,45,3.1,healthy
40.5,15,13231,2.8,53,4.2,healthy
39.6,25,10392,7.2,62,3.8,healthy
40.3,29,12118,6.3,62,6.2,healthy
39.8,22,5231,2.8,56,5.6,healthy
40.3,23,5004,3.2,41,3.5,unhealthy
35.5,17,13255,2.8,67,5.3,healthy
40.3,42,5004,7.2,74,3.2,healthy
40.5,20,11668,6.0,54,3.7,healthy
40.5,33,5008,7.2,39,3.2,healthy
37.4,23,13132,2.8,77,5.1,healthy
38.6,31,5307,7.1,57,7.0,healthy
40.6,28,12777,3.4,73,5.3,healthy
38.3,44,11969,6.7,55,5.3,healthy
40.2,17,5072,7.2,48,4.4,unhealthy
40.5,17,5004,6.7,38,3.2,healthy
39.5,27,5004,7.2,51,5.2,healthy
39.5,11,13257,2.8,60,6.1,healthy
40.0,37,8036,2.8,51,5.7,healthy
40.2,34,5004,7.2,45,4.4,healthy
38.9,29,13257,2.8,81,6.6,healthy
40.6,34,5004,7.2,37,4.4,healthy
39.5,41,13256,2.8,51,6.7,healthy
39.7,18,9857,5.6,53,6.0,healthy
40.1,27,12261,7.1,70,5.0,healthy
40.5,33,8822,7.0,56,4.1,unhealthy
39.7,14,10522,4.6,40,3.2,healthy
39.9,19,5004,2.8,57,4.9,healthy
40.2,20,11323,2.9,37,6.0,healthy
39.0,29,7027,4.2,41,5.6,healthy
39.7,16,13257,2.8,82,6.7,healthy
39.5,13,13256,7.1,49,5.4,healthy
39.8,16,5102,7.1,42,3.8,healthy
38.3,25,5004,7.2,43,3.7,healthy
39.0,36,11298,3.1,43,4.0,unhealthy
39.6,28,13257,2.8,61,6.8,healthy
40.3,19,9384,3.9,40,3.6,healthy
40.0,17,6099,4.8,58,6.7,healthy
40.5,28,13257,2.8,50,6.0,healthy
40.4,27,5004,6.6,39,3.2,healthy
39.9,19,5004,5.7,57,5.6,healthy
40.5,26,12835,3.8,54,5.5,healthy
39.9,22,6329,7.1,55,4.9,healthy
40.4,21,10429,3.8,44,5.1,healthy
38.6,23,5004,4.7,42,5.3,healthy
39.7,20,13257,7.1,61,6.8,healthy
40.2,30,13252,5.5,39,5.0,healthy
40.4,29,12763,3.0,53,3.2,unhealthy
39.9,20,13257,2.8,69,6.3,healthy
40.0,22,5316,7.0,43,5.2,healthy
40.5,21,12093,7.1,51,6.7,healthy
40.6,27,5415,7.2,37,4.9,unhealthy
40.4,11,5004,6.8,40,5.1,unhealthy
40.5,37,5004,3.1,39,4.9,unhealthy
39.8,23,5040,7.2,40,3.3,healthy
37.7,18,12021,7.2,57,6.7,healthy
38.7,28,12964,2.9,58,4.4,healthy
39.9,20,13193,2.8,81,4.8,healthy
37.7,17,5521,7.1,40,6.2,healthy
39.5,22,13257,4.1,53,6.4,healthy
40.3,26,12832,7.2,59,6.0,healthy
36.7,19,10085,2.8,70,3.3,healthy
40.4,30,12973,2.8,38,6.3,healthy
39.9,21,13257,2.8,51,5.9,healthy
40.2,20,5616,7.2,40,4.6,healthy
40.6,38,5004,7.2,38,4.8,healthy
40.6,37,13257,2.8,43,5.7,unhealthy
38.9,22,5004,5.6,58,6.7,healthy
40.6,15,5004,6.7,37,3.2,healthy
40.6,26,13257,7.2,56,3.1,healthy
40.5,21,8930,7.2,44,4.1,healthy
40.4,44,5037,7.0,73,6.8,unhealthy
39.8,17,13257,2.9,69,3.9,healthy
38.7,19,13251,4.1,39,6.7,healthy
40.5,22,8717,4.4,47,5.8,healthy
40.4,32,5004,6.2,69,6.4,healthy
40.1,38,13180,7.1,47,6.3,healthy
39.5,33,5004,6.4,57,5.1,healthy
40.3,29,9254,2.8,37,3.7,healthy
40.4,20,7863,7.2,50,3.4,healthy
40.5,19,5004,7.0,42,5.2,healthy
38.7,13,5880,6.2,61,4.4,unhealthy
40.0,21,13257,6.3,69,6.8,healthy
40.6,27,9766,7.2,54,3.3,unhealthy
39.5,19,10936,3.3,75,3.4,healthy
40.5,15,8450,7.2,50,3.7,healthy
39.1,34,8857,2.9,47,3.5,healthy
39.8,24,6864,5.7,62,6.4,healthy
40.3,25,8910,2.8,43,6.6,healthy
38.4,20,13138,7.0,70,6.6,healthy
40.1,30,5004,6.7,39,4.7,healthy
40.2,31,5004,3.6,43,6.1,healthy
40.6,37,5182,7.0,47,3.2,healthy
39.9,44,5004,3.7,67,5.8,healthy
39.3,23,5004,2.8,39,5.8,healthy
39.1,28,11150,2.9,52,5.0,healthy
37.5,35,7325,2.8,70,3.4,healthy
40.2,27,7740,2.8,71,3.8,healthy
40.6,25,5004,7.2,38,3.4,unhealthy
40.6,18,5004,5.9,57,4.4,healthy
40.4,19,13155,7.1,72,6.1,healthy
38.9,18,5004,3.0,67,5.5,healthy
40.4,36,13249,3.1,46,4.2,healthy
40.6,21,8552,7.2,40,3.9,healthy
39.7,23,13257,3.2,76,5.0,healthy
40.6,27,5004,7.2,37,4.7,healthy
40.4,14,12800,2.8,39,3.4,healthy
40.3,26,13257,6.1,64,6.6,healthy
39.2,24,5004,3.1,60,5.1,healthy
39.0,17,13257,4.3,64,6.1,healthy
40.3,16,12932,5.8,65,5.1,healthy
40.2,26,12271,3.3,49,6.0,healthy
40.5,26,5004,4.5,64,6.9,healthy
39.1,23,5004,7.1,39,3.6,healthy
40.6,32,5004,7.2,37,3.1,healthy
40.0,24,5004,4.8,68,5.1,healthy
39.8,23,5004,7.1,43,4.3,healthy
40.3,19,5004,4.1,41,6.8,healthy
38.5,32,13256,2.8,60,6.8,healthy
40.6,39,5004,7.1,39,5.1,healthy
39.0,16,13115,2.8,54,6.7,healthy
39.8,30,5004,5.5,39,3.5,healthy
40.2,13,12471,3.2,58,5.6,healthy
39.8,34,5004,7.1,47,5.4,unhealthy
38.3,25,13257,5.3,80,6.8,healthy
36.1,15,13257,2.8,82,6.7,healthy
40.4,26,10420,6.4,50,6.8,unhealthy
40.5,23,5004,2.9,46,5.3,healthy
40.2,28,13255,2.8,50,5.7,healthy
40.4,35,7850,7.2,48,5.9,healthy
39.9,22,5004,7.2,45,5.0,healthy
40.0,25,13248,6.3,71,3.1,healthy
40.6,23,7069,5.6,40,6.3,healthy
36.8,34,10572,3.9,68,5.6,healthy
39.5,23,13257,5.0,46,5.1,healthy
39.6,21,13257,2.8,67,4.2,healthy
39.0,19,13207,5.4,65,3.5,healthy
38.8,32,11222,2.8,50,5.7,healthy
40.0,37,10059,3.2,48,6.5,unhealthy
39.7,34,5004,7.2,50,6.4,healthy
37.6,34,9178,2.8,71,5.1,healthy
40.2,28,5004,7.2,40,4.0,healthy
38.7,25,8060,7.1,46,3.9,healthy
40.2,15,7758,7.2,60,3.4,healthy
40.2,18,5027,2.9,39,4.7,healthy
39.5,33,5004,7.1,38,5.4,healthy
38.1,35,13129,2.8,47,6.9,healthy
40.4,17,13257,2.8,51,4.5,healthy
39.5,34,13000,6.2,69,6.8,healthy
40.3,29,12053,3.1,62,4.8,healthy
40.6,16,5004,7.2,38,3.2,healthy
40.6,24,5004,3.5,49,3.5,healthy
40.6,23,10663,6.8,43,6.2,healthy
40.5,26,5016,6.9,38,4.1,healthy
40.1,31,13257,3.0,68,7.0,healthy
40.6,23,7249,7.2,41,5.6,healthy
40.2,21,13257,2.8,75,7.0,unhealthy
39.4,27,5004,7.0,45,3.1,healthy
40.0,19,5004,4.1,62,5.6,healthy
40.5,24,6439,3.0,39,4.0,healthy
40.3,20,5004,3.5,44,3.2,healthy
39.6,22,13257,2.8,81,7.0,healthy
39.7,19,5004,6.1,38,3.3,healthy
40.4,18,6526,5.3,39,3.6,healthy
38.7,30,13257,2.9,55,6.6,healthy
40.5,25,13241,2.9,66,6.9,healthy
39.5,22,5004,5.2,58,5.5,healthy
40.4,17,5004,4.2,37,4.8,healthy
40.6,30,5326,4.7,44,4.1,unhealthy
40.1,25,5371,7.1,57,5.6,healthy
40.6,25,5004,4.1,56,4.4,healthy
40.6,23,5004,5.1,53,5.2,healthy
40.6,33,5004,7.2,37,3.1,unhealthy
39.1,21,9419,7.2,76,4.0,healthy
40.5,26,5004,2.8,40,6.4,healthy
40.5,16,5004,6.3,38,3.4,unhealthy
39.6,28,13257,2.9,48,4.2,healthy
40.4,27,6243,5.2,38,5.2,healthy
40.4,22,13201,3.0,62,6.5,healthy
40.2,19,11999,2.8,63,5.7,healthy
39.5,33,5004,6.8,49,3.3,unhealthy
40.1,16,13257,5.6,73,6.9,healthy
40.6,11,13257,3.6,77,5.7,healthy
40.3,25,5010,4.2,57,3.3,healthy
39.1,13,13257,3.6,60,4.7,healthy
39.4,23,12165,7.1,41,4.2,healthy
40.4,21,5399,2.9,70,3.9,healthy
40.4,16,5141,7.2,55,3.6,healthy
40.2,33,9450,5.1,55,4.4,healthy
40.6,25,5004,7.2,50,6.4,healthy
39.2,22,12314,6.6,61,4.4,unhealthy
40.5,29,5004,2.8,41,4.3,unhealthy
40.5,25,5004,4.5,48,3.3,healthy
37.8,21,5045,6.3,51,3.6,healthy
39.7,28,13241,2.8,78,6.7,healthy
40.2,33,11134,4.9,58,3.6,healthy
39.9,25,9114,2.9,47,4.3,healthy
40.0,17,13251,5.4,44,6.7,healthy
39.8,15,13212,3.0,53,3.5,healthy
39.6,27,13257,2.8,72,6.4,healthy
39.9,15,12897,3.7,69,6.4,unhealthy
39.4,24,5201,2.8,39,4.6,healthy
39.8,34,5004,7.2,38,3.1,healthy
40.3,26,5004,7.2,59,3.3,healthy
40.5,31,13257,6.2,58,3.4,healthy
39.3,17,13256,3.0,56,4.3,healthy
40.5,34,5004,7.2,55,6.7,healthy
40.4,19,5004,3.0,41,6.7,healthy
39.8,33,6066,2.9,53,3.7,healthy
40.3,22,5117,7.2,40,5.4,healthy
40.1,20,13257,6.1,39,5.9,healthy
39.5,26,13223,5.1,75,6.8,healthy
40.5,25,5664,2.8,61,3.8,healthy
40.2,24,11057,6.9,49,4.4,healthy
40.3,44,5004,4.7,53,3.7,healthy
40.3,26,10146,4.2,40,6.2,healthy
40.4,28,7256,7.2,69,4.3,healthy
39.6,29,13242,3.9,59,5.7,healthy
40.6,24,5004,7.1,40,3.1,unhealthy
40.4,22,5606,3.1,56,4.3,healthy
40.4,18,5004,6.0,46,4.9,healthy
40.2,26,13084,2.9,59,5.8,healthy
40.3,15,5004,7.2,43,3.4,healthy
40.1,27,13080,2.9,58,6.3,healthy
40.4,18,5004,7.2,49,3.1,healthy
38.9,18,5004,3.5,38,6.7,healthy
40.6,21,7077,3.7,46,6.3,unhealthy
40.5,11,11476,7.2,38,3.4,healthy
40.2,23,13256,6.4,75,7.0,healthy
40.6,19,5004,7.2,46,5.1,healthy
40.5,25,5023,3.2,51,3.1,healthy
40.3,22,5004,7.1,37,4.3,healthy
40.6,21,13257,7.2,58,5.5,unhealthy
40.6,39,5004,6.4,38,6.2,healthy
40.0,41,13256,4.6,58,5.7,healthy
40.3,22,13224,2.8,45,3.9,healthy
40.4,21,13170,5.0,56,6.0,healthy
40.6,33,5004,7.2,42,4.3,healthy
39.9,35,13087,3.3,50,6.9,healthy
40.3,24,5519,5.4,51,3.7,healthy
39.9,23,13240,7.2,66,4.7,healthy
40.2,25,12414,6.6,58,3.4,healthy
40.2,20,5005,5.0,45,6.8,healthy
38.9,22,13252,4.0,69,5.8,healthy
39.4,34,13092,4.7,44,6.9,healthy
39.6,36,13100,2.8,72,5.4,healthy
40.4,36,13257,2.8,46,6.9,healthy
40.6,31,5099,2.9,45,5.5,healthy
40.6,21,5004,7.2,43,5.3,healthy
39.7,36,13223,2.8,75,5.7,healthy
40.4,26,5428,5.5,49,3.1,healthy
39.4,26,13257,2.8,58,5.6,healthy
40.3,29,11895,4.1,51,6.7,healthy
40.2,29,13256,3.1,66,7.0,healthy
39.7,24,5004,6.1,37,6.6,healthy
38.9,22,12482,2.8,63,5.2,healthy
38.9,22,5004,4.1,56,5.8,healthy
40.6,23,5004,7.2,46,4.7,healthy
40.6,25,5004,7.2,39,3.8,unhealthy
40.6,28,5004,6.8,39,4.4,healthy
37.7,30,6734,3.0,78,6.7,healthy
40.6,24,5004,7.0,39,3.9,unhealthy
39.8,27,8253,4.2,54,3.0,healthy
39.9,29,5004,7.1,49,6.7,healthy
40.2,17,13207,6.2,41,3.7,healthy
40.5,34,13257,2.8,63,6.9,healthy
40.5,26,5004,3.3,39,3.2,unhealthy
40.6,35,12522,4.5,38,5.4,unhealthy
40.2,26,13257,2.8,68,5.0,healthy
40.4,29,5004,7.2,40,3.1,healthy
40.3,14,13253,2.8,38,4.6,healthy
40.2,44,12041,2.9,47,4.2,unhealthy
40.3,23,6863,7.1,41,4.4,healthy
40.3,36,5004,7.2,42,4.8,healthy
39.2,28,5004,2.9,37,6.8,healthy
38.5,36,13257,2.9,56,6.9,healthy
40.2,12,5004,6.5,53,4.9,healthy
39.9,22,5473,2.8,52,3.7,unhealthy
40.3,37,5397,6.1,42,4.3,healthy
39.0,24,13257,6.1,76,6.0,healthy
39.5,14,13257,6.0,63,3.2,healthy
40.6,25,13256,4.6,44,4.4,healthy
40.2,29,5004,7.2,43,4.3,unhealthy
39.2,28,12452,2.8,37,5.9,unhealthy
40.4,31,13257,7.0,49,6.8,healthy
40.3,14,13073,5.7,71,4.6,healthy
40.4,22,5004,7.2,43,3.1,unhealthy
39.6,20,6263,4.4,41,4.5,healthy
40.2,21,5940,2.8,74,6.8,healthy
40.5,24,13173,2.8,38,3.2,unhealthy
39.0,28,10924,5.7,63,6.7,healthy
40.1,28,5004,5.1,45,4.6,healthy
40.6,27,6210,7.2,42,5.3,healthy
40.5,15,13257,6.7,41,4.6,healthy
40.6,36,12537,7.2,47,3.8,healthy
40.2,22,13206,5.6,59,4.8,unhealthy
40.6,30,5004,4.4,37,3.0,healthy
40.5,23,9247,7.2,63,6.8,healthy
40.6,22,13190,4.3,60,6.1,healthy
40.0,24,5004,2.8,38,4.2,healthy
40.6,33,13205,4.6,44,5.7,healthy
40.2,19,5004,5.5,44,5.3,healthy
34.3,34,13257,2.9,81,6.6,healthy
40.2,20,5004,7.2,42,4.0,healthy
40.5,20,13257,2.8,72,6.9,healthy
40.4,20,5004,7.0,45,4.7,healthy
40.6,13,5004,7.2,37,5.3,unhealthy
37.4,26,12736,2.8,78,6.8,healthy
37.7,35,13257,3.2,57,4.6,healthy
37.4,22,13249,2.8,55,7.0,healthy
40.3,17,13257,2.8,64,3.4,healthy
40.5,27,12265,4.7,43,5.1,healthy
40.4,12,11221,2.8,68,4.0,healthy
39.9,20,12963,2.9,52,5.7,healthy
40.4,24,13257,2.9,48,5.8,healthy
40.4,14,13223,7.0,64,6.9,healthy
40.5,17,13250,2.9,52,5.2,healthy
38.7,26,13257,2.8,62,6.9,healthy
39.3,20,12759,2.9,59,4.8,healthy
40.6,20,9983,7.2,39,5.0,healthy
40.0,38,13255,7.1,75,6.1,healthy
39.6,26,10547,5.7,52,5.3,healthy
40.0,27,13008,2.8,42,6.6,healthy
39.8,22,9063,4.0,50,4.1,healthy
40.3,14,5006,2.8,41,5.1,healthy
40.6,20,5004,6.2,56,4.4,healthy
39.3,32,13257,2.8,78,6.2,healthy
40.3,20,13165,7.1,44,5.9,healthy
38.2,19,13219,2.9,73,6.9,healthy
40.4,20,5008,2.9,37,3.4,unhealthy
39.2,18,13257,2.8,65,5.5,healthy
40.1,28,5004,2.8,40,6.2,healthy
37.8,14,13257,2.8,66,6.8,healthy
40.4,11,5863,7.2,46,5.3,healthy
37.4,35,13238,2.8,72,6.9,healthy
40.2,32,5004,3.2,52,4.4,unhealthy
40.6,20,12117,7.1,59,4.2,healthy
39.9,25,5004,3.9,42,4.9,healthy
39.7,28,7154,2.8,63,4.3,healthy
40.4,27,5137,3.1,50,3.1,healthy
38.7,27,5004,2.9,46,6.4,healthy
40.3,21,5548,2.8,48,4.1,healthy
40.5,16,12805,6.1,70,3.9,healthy
38.7,23,5861,3.0,39,4.0,healthy
40.3,20,13251,5.8,78,5.1,healthy
38.0,13,13257,3.9,63,5.1,healthy
39.7,32,5004,4.9,49,5.3,healthy
40.0,44,5004,3.1,42,5.7,healthy
40.5,35,13257,2.9,63,4.8,healthy
40.6,38,5004,7.2,44,3.6,healthy
39.9,24,13256,2.8,40,5.8,healthy
40.4,31,13257,7.1,59,4.4,healthy
40.5,31,5907,5.3,39,4.4,healthy
40.6,17,5004,7.2,38,3.2,unhealthy
40.5,28,5004,6.1,42,5.4,healthy
40.5,15,5450,6.5,56,3.7,healthy
37.3,30,13245,3.0,49,5.1,healthy
36.4,24,5004,6.4,72,6.5,healthy
39.5,27,5994,3.0,50,5.7,healthy
40.4,11,8729,7.2,39,4.2,healthy
38.5,25,13257,6.5,51,3.6,healthy
37.9,16,5004,2.8,55,5.3,healthy
39.8,33,5004,7.2,66,6.6,unhealthy
40.2,28,13033,6.9,54,4.0,healthy
39.2,32,13257,4.0,69,6.9,healthy
40.0,37,10703,5.3,68,5.4,unhealthy
40.6,21,13256,2.8,55,3.7,healthy
40.4,19,5004,7.2,46,3.8,healthy
40.2,32,5243,7.1,58,4.7,healthy
40.0,26,13257,6.4,69,6.3,healthy
39.9,22,8564,7.2,41,4.6,unhealthy
40.6,36,12403,7.0,53,5.3,healthy
38.5,29,13256,2.8,65,6.3,healthy
40.0,14,12854,6.0,66,6.8,healthy
40.4,37,8003,7.2,42,3.2,healthy
40.0,24,8236,6.9,43,4.1,healthy
40.1,24,13257,2.8,61,7.0,healthy
40.1,30,13257,2.8,74,6.8,healthy
40.4,32,13255,5.2,66,5.3,healthy
40.0,11,13250,3.7,40,5.4,healthy
40.2,23,5229,4.0,52,5.1,healthy
40.2,29,5583,6.6,56,6.7,healthy
38.3,35,13257,2.8,81,6.6,healthy
40.5,22,5004,7.2,47,5.2,healthy
40.4,27,13089,5.7,80,5.9,healthy
40.6,16,5004,2.8,52,4.3,healthy
38.1,24,11003,2.8,71,6.2,healthy
39.8,22,5004,7.1,41,3.8,healthy
39.6,35,12013,4.2,49,5.4,healthy
40.4,17,5513,4.4,42,5.1,healthy
40.2,27,5004,3.7,46,6.8,healthy
40.4,25,12102,2.8,48,5.2,healthy
40.5,12,5006,4.1,39,6.0,healthy
40.2,29,13251,2.8,48,5.8,healthy
39.1,29,13236,2.8,66,6.5,healthy
40.5,25,5823,5.6,40,3.9,healthy
39.9,39,13257,2.8,75,6.7,healthy
39.8,24,13257,3.0,58,7.0,healthy
38.3,22,5126,7.2,49,3.0,unhealthy
40.5,16,5004,7.2,53,3.2,healthy
40.4,23,13190,3.8,51,4.9,healthy
40.4,16,12185,3.5,43,5.5,healthy
40.6,34,13255,2.8,38,5.7,unhealthy
40.3,26,11146,5.1,44,3.6,healthy
40.6,34,5004,7.2,45,4.6,unhealthy
40.5,16,5004,6.7,57,6.5,healthy
40.6,37,12368,7.2,45,6.5,healthy
35.8,20,11821,5.1,75,6.1,healthy
40.4,38,12939,3.4,47,5.4,unhealthy
40.6,33,5004,7.2,54,4.2,healthy
40.3,34,7095,6.9,52,3.7,healthy
39.9,18,13249,3.1,73,6.0,healthy
38.6,25,13186,3.6,70,4.1,healthy
37.7,20,13257,3.2,73,7.0,healthy
40.3,14,13249,5.8,48,4.8,healthy
39.6,19,5025,2.8,43,3.2,healthy
40.5,21,13257,3.3,57,5.3,healthy
40.6,33,5019,7.1,38,4.3,healthy
40.5,32,5004,3.5,57,3.6,healthy
40.5,33,12543,6.9,41,5.8,healthy
40.6,28,12621,4.8,41,4.9,healthy
40.3,25,12957,2.8,47,5.1,healthy
39.7,20,13257,2.8,64,4.6,unhealthy
40.3,25,5004,4.2,39,6.7,unhealthy
40.6,25,5004,3.4,37,3.0,healthy
39.4,15,5004,4.4,71,6.1,healthy
40.6,26,5037,7.2,37,3.2,healthy
38.0,25,13257,2.8,77,5.7,healthy
40.6,14,13102,2.8,56,4.6,healthy
40.6,21,5004,7.2,42,3.5,healthy
39.8,21,13257,4.3,51,5.7,healthy
40.4,17,9630,2.8,52,6.3,unhealthy
40.0,16,12748,2.8,44,4.5,unhealthy
38.0,10,5889,6.7,71,3.8,healthy
40.0,28,13177,3.6,58,3.4,healthy
39.6,13,5988,3.9,41,3.6,healthy
40.4,26,5004,7.2,73,4.9,healthy
39.9,28,13257,2.8,79,6.6,healthy
40.2,31,13252,2.9,72,6.9,healthy
40.4,14,5004,7.2,42,3.1,healthy
40.5,30,5083,6.9,41,3.7,healthy
39.9,30,9282,2.8,60,3.9,healthy
40.4,30,7644,6.3,39,3.7,unhealthy
40.3,16,12872,5.6,55,5.2,healthy
40.6,37,5004,4.2,39,4.3,healthy
40.1,28,7226,7.1,58,3.3,healthy
40.1,24,6473,7.2,60,5.4,healthy
40.5,17,5004,3.3,55,3.8,healthy
39.3,19,12093,2.8,67,4.9,healthy
40.2,29,5004,7.2,37,4.0,unhealthy
40.2,20,5004,7.2,50,3.6,healthy
40.6,35,6397,6.5,52,5.2,healthy
40.3,35,5004,2.9,50,3.3,unhealthy
40.4,22,5004,7.1,38,3.8,healthy
40.5,24,13257,2.8,57,6.2,unhealthy
40.5,38,13257,3.1,64,7.0,healthy
40.2,35,5004,4.7,44,3.4,healthy
39.8,17,13257,3.7,47,3.7,healthy
39.4,25,5004,7.1,37,5.7,healthy
40.3,18,8674,2.8,43,5.2,healthy
40.2,27,5194,3.2,41,4.9,healthy
40.4,28,5004,6.9,44,3.9,unhealthy
40.6,38,5004,5.2,48,4.2,healthy
40.4,15,5732,7.2,38,4.8,unhealthy
39.1,13,11000,2.8,49,5.7,healthy
40.5,37,5004,2.8,39,5.0,unhealthy
40.6,32,11697,5.7,55,6.0,healthy
39.5,38,11757,5.4,60,6.9,healthy
40.4,21,5004,4.2,54,6.0,healthy
40.5,32,13182,3.7,42,6.8,healthy
40.4,29,5004,6.6,38,3.8,healthy
40.5,28,13242,2.8,65,6.3,healthy
39.8,22,5103,2.8,71,4.9,healthy
39.8,16,8583,3.1,51,5.0,healthy
40.6,31,13060,4.6,47,4.4,healthy
36.3,18,13254,2.8,65,6.8,unhealthy
40.0,28,11745,5.7,54,3.2,healthy
39.1,34,13073,2.8,79,5.2,healthy
40.5,26,12252,7.2,53,5.3,healthy
40.5,26,5004,7.2,56,3.9,healthy
40.3,12,13144,7.2,47,5.1,healthy
40.4,35,5004,7.2,40,3.0,healthy
39.5,31,7362,2.8,49,5.7,healthy
40.1,29,13257,2.8,56,6.6,healthy
40.1,29,5004,4.9,57,3.8,healthy
40.2,29,13257,2.8,47,6.9,healthy
40.6,26,8046,7.1,49,4.0,healthy
40.2,25,13162,3.2,51,4.0,healthy
40.3,36,5004,7.1,45,6.3,healthy
40.5,23,5666,3.3,49,3.1,unhealthy
39.6,26,6229,3.4,58,4.2,unhealthy
39.4,29,5004,4.7,37,3.3,healthy
40.4,38,5004,2.8,38,5.1,healthy
40.4,26,13218,2.8,47,6.0,healthy
40.3,31,6084,2.8,49,3.9,healthy
40.6,33,5004,7.2,61,3.2,healthy
39.7,25,5004,5.4,43,4.3,unhealthy
40.1,26,10038,2.8,49,3.8,unhealthy
39.1,18,5004,5.0,69,5.1,healthy
38.1,34,7622,3.6,45,5.7,healthy
38.7,30,6355,7.2,56,6.5,unhealthy
40.2,25,5004,7.1,39,3.0,healthy
40.3,21,11876,7.2,47,3.3,healthy
39.9,17,11886,7.2,68,4.9,healthy
40.4,20,13257,2.9,73,5.9,healthy
40.4,35,13257,3.2,66,5.2,unhealthy
38.4,16,5004,5.1,51,4.7,unhealthy
40.5,21,5004,6.0,53,6.4,healthy
40.5,25,5004,3.4,39,6.3,unhealthy
40.3,21,12790,3.5,46,5.1,healthy
40.4,30,12448,2.8,59,7.0,healthy
39.9,27,13257,2.8,54,6.2,healthy
40.5,38,5004,7.1,54,4.0,healthy
37.6,32,5004,7.2,60,3.6,healthy
40.2,37,13257,2.8,80,6.6,healthy
40.5,16,5277,7.2,60,5.4,healthy
40.5,25,5004,7.2,40,5.1,healthy
40.5,35,5004,7.2,38,3.1,healthy
39.3,25,13257,2.8,48,6.6,healthy
40.2,35,13044,2.9,46,4.9,healthy
40.0,40,5004,2.8,52,6.5,healthy
40.6,21,5004,6.5,43,3.3,healthy
40.6,28,5004,7.2,39,5.0,unhealthy
40.5,27,5004,2.8,37,4.3,healthy
40.2,38,11555,2.8,63,6.7,healthy
40.5,29,11697,5.4,52,6.0,healthy
40.6,35,5004,4.8,38,3.1,unhealthy
40.6,17,5004,4.5,44,3.5,healthy
37.9,27,13074,2.8,57,6.7,healthy
40.5,13,5004,7.2,53,3.4,healthy
40.6,16,5407,7.2,49,4.7,healthy
40.2,18,7892,3.1,52,4.3,healthy
38.6,15,11637,7.2,60,5.8,healthy
40.1,31,9034,2.8,39,5.2,healthy
39.8,40,8140,2.8,72,5.6,unhealthy
40.5,19,6832,6.0,39,4.7,healthy
40.6,22,6208,4.0,46,5.6,healthy
40.4,20,5004,2.8,52,6.9,unhealthy
39.2,19,13232,3.8,54,6.8,healthy
40.5,16,13156,4.5,52,6.2,healthy
36.6,24,5004,7.0,46,5.5,healthy
39.9,27,6383,6.1,48,6.9,healthy
38.4,31,8949,2.8,57,6.7,healthy
40.5,28,5566,7.2,53,3.7,healthy
38.7,18,13257,2.8,67,6.7,healthy
39.6,31,5004,3.2,45,6.2,healthy
40.0,27,5591,2.8,71,4.6,healthy
40.6,19,5004,3.5,39,3.7,unhealthy
39.9,37,5084,2.9,62,5.3,healthy
40.4,22,5004,6.5,54,5.5,unhealthy
38.3,21,12630,4.4,49,3.1,healthy
40.3,16,8316,5.1,46,5.3,healthy
39.2,23,6662,7.1,46,4.7,healthy
39.4,21,13257,2.8,81,6.6,healthy
40.4,20,13256,3.3,60,7.0,healthy
40.6,40,7597,2.8,44,5.0,healthy
39.9,21,5004,2.8,48,6.2,healthy
40.5,27,5452,6.7,53,4.6,unhealthy
40.4,25,11598,3.4,51,6.1,healthy
40.4,23,5169,5.9,62,3.9,healthy
38.5,34,13255,2.9,72,7.0,healthy
40.6,37,5004,5.4,48,5.4,unhealthy
40.3,38,7810,2.8,55,6.3,healthy
38.4,33,13217,6.0,74,6.3,unhealthy
37.1,35,7742,2.8,42,5.4,healthy
39.3,22,5004,4.9,56,3.6,healthy
40.5,15,5004,7.2,39,4.9,healthy
40.6,25,12306,6.6,42,3.7,unhealthy
40.5,29,5004,7.1,42,3.8,healthy
40.0,14,7127,2.8,41,3.3,healthy
40.2,27,12118,2.8,53,5.5,healthy
39.9,20,11927,4.2,42,6.2,healthy
40.6,25,13252,2.8,78,6.9,healthy
40.4,20,10962,3.9,68,6.0,healthy
36.3,20,13257,6.9,56,6.1,healthy
39.4,22,13138,7.2,76,5.1,healthy
40.0,37,13257,4.1,78,6.7,healthy
40.6,28,13076,7.1,64,5.6,unhealthy
38.6,33,5106,4.0,64,4.5,unhealthy
40.1,18,7989,6.6,41,3.8,healthy
40.3,28,11716,6.3,49,6.2,healthy
40.4,22,5004,6.6,50,3.3,healthy
40.3,16,5004,5.6,40,3.5,healthy
39.3,18,5004,7.0,37,3.1,healthy
40.6,35,5200,2.8,43,5.9,healthy
40.6,30,12970,4.6,51,4.8,healthy
39.6,37,5013,3.4,49,4.2,healthy
37.0,20,13257,3.1,46,7.0,healthy
40.6,23,5027,6.9,37,3.0,healthy
39.4,19,6333,7.1,51,3.0,healthy
38.7,24,11203,5.5,76,4.2,healthy
40.5,22,5493,7.2,39,6.3,healthy
39.8,21,13092,2.8,74,5.2,healthy
40.5,27,12943,2.8,43,5.2,healthy
36.9,29,13257,4.0,75,4.4,healthy
40.5,22,13245,2.8,69,4.7,healthy
39.6,25,5589,5.6,71,6.4,healthy
40.6,14,11015,6.9,45,6.8,healthy
39.4,20,5084,3.4,59,6.9,unhealthy
37.5,37,13257,2.8,70,6.7,healthy
40.5,14,13257,2.8,72,4.3,healthy
40.2,39,5004,7.2,51,5.3,healthy
40.5,22,5004,6.8,37,5.3,healthy
38.2,15,13257,5.1,80,7.0,healthy
40.6,23,10435,7.2,49,3.2,healthy
40.6,34,7794,4.9,39,5.4,healthy
39.6,26,6813,7.2,57,4.2,healthy
40.3,33,13240,7.2,82,6.8,healthy
39.5,31,8292,3.0,38,4.3,healthy
39.5,25,5004,7.1,42,3.5,healthy
39.6,25,13217,3.3,41,6.3,healthy
39.9,23,5004,7.2,38,3.4,healthy
39.8,23,13244,2.8,79,6.2,healthy
40.1,24,5004,6.5,43,3.5,unhealthy
40.5,29,9379,6.5,60,3.9,healthy
40.3,30,5004,7.2,61,4.6,healthy
40.0,24,12364,3.2,66,3.2,unhealthy
39.0,10,13168,6.5,39,6.5,healthy
40.5,32,5004,7.2,39,3.5,healthy
39.4,18,13256,3.1,80,6.9,healthy
39.2,34,12932,2.8,51,4.9,healthy
40.6,33,5004,7.2,47,5.1,healthy
40.5,26,5004,4.6,63,5.2,unhealthy
39.4,15,11638,6.8,45,6.5,healthy
37.1,28,13257,3.7,65,6.8,healthy
40.4,28,13245,6.1,55,5.7,healthy
40.0,13,6338,7.1,43,4.3,healthy
40.2,23,9465,6.3,62,3.2,unhealthy
40.1,36,5004,5.3,56,6.4,healthy
40.1,20,7529,6.6,47,5.9,healthy
40.3,27,5004,7.1,73,5.0,healthy
38.0,21,13257,2.8,51,7.0,healthy
39.0,13,5349,4.6,50,6.2,healthy
39.7,39,5804,3.5,54,5.8,healthy
40.5,20,13257,6.0,53,4.5,healthy
40.4,19,5329,7.2,42,6.0,healthy
40.6,25,5290,6.9,44,4.5,healthy
40.1,32,9169,6.8,73,4.1,healthy
40.6,22,5004,7.2,46,3.5,healthy
40.2,11,5007,7.2,41,3.9,healthy
40.2,38,5025,7.2,58,5.3,healthy
40.5,25,5004,3.4,37,3.7,unhealthy
40.6,29,5004,7.2,39,4.5,healthy
40.4,17,12303,4.9,80,4.6,healthy
40.5,16,12100,7.1,59,3.1,unhealthy
37.3,24,12901,2.8,66,6.6,healthy
40.0,23,6329,7.1,50,3.6,healthy
40.5,28,5004,7.2,42,3.1,unhealthy
40.2,18,5004,5.9,39,4.3,healthy
39.9,28,5004,4.3,60,4.0,healthy
39.9,22,11595,6.6,61,3.5,healthy
39.8,21,9575,3.0,44,4.7,healthy
40.1,24,13257,2.8,79,5.1,healthy
40.6,13,5112,4.2,52,4.4,healthy
40.6,22,13244,6.9,43,6.2,healthy
40.2,18,12050,2.9,63,4.6,healthy
40.4,24,13257,2.8,50,7.0,healthy
40.6,35,13257,3.5,65,6.2,healthy
39.4,28,9272,6.9,42,3.8,healthy
40.2,37,11644,6.9,38,4.9,healthy
40.3,31,12957,4.2,41,6.2,healthy
40.0,43,5046,2.8,39,6.2,healthy
37.8,27,13257,5.2,50,6.9,healthy
40.1,13,12577,6.5,59,3.7,healthy
38.9,17,13257,5.7,83,6.3,healthy
38.9,22,13256,3.5,43,6.9,healthy
40.5,31,5004,4.4,51,3.7,healthy
39.3,17,12952,6.1,81,4.9,unhealthy
40.2,19,5004,7.2,42,3.7,healthy
40.1,36,13257,7.2,51,5.0,healthy
40.6,20,5004,7.2,42,3.2,unhealthy
40.5,20,5004,7.2,38,3.3,healthy
39.0,29,13255,2.8,44,5.8,healthy
40.5,34,5004,5.3,39,4.5,healthy
39.6,31,13045,2.8,71,5.0,unhealthy
40.2,28,13098,3.2,41,6.8,healthy
40.5,21,5004,3.4,38,3.3,healthy
38.3,25,13254,3.7,68,6.6,healthy
39.8,31,13250,2.8,68,6.5,healthy
40.6,29,5184,7.1,42,3.7,healthy
40.6,17,5004,7.2,45,4.1,healthy
37.8,15,13257,7.2,76,5.0,healthy
39.6,16,13257,7.0,49,5.1,healthy
36.7,19,13257,2.8,80,6.3,healthy
36.7,21,13226,6.8,61,6.0,healthy
40.5,44,13257,2.8,52,6.8,unhealthy
40.3,39,5117,2.9,46,5.2,healthy
40.0,26,10894,5.6,53,5.1,healthy
40.1,32,5004,3.6,39,6.7,healthy
40.3,18,5451,3.8,38,3.2,healthy
40.1,26,5886,2.8,47,5.1,healthy
39.3,26,13173,6.3,66,3.8,healthy
40.2,19,9894,7.2,55,4.5,healthy
39.4,41,5004,5.8,42,4.9,healthy
38.4,32,13254,3.2,58,5.3,healthy
37.0,26,13257,3.2,73,6.8,healthy
40.4,28,12497,6.1,53,5.5,healthy
39.8,28,13257,4.7,68,6.8,healthy
40.6,26,7299,4.6,56,6.4,healthy
39.7,20,5004,7.2,57,3.6,healthy
39.9,20,13255,5.8,61,5.1,healthy
40.2,16,8619,6.9,61,5.7,healthy
40.5,38,12923,3.4,49,6.5,healthy
40.3,38,7717,2.9,59,5.0,healthy
40.3,34,13257,4.8,60,6.6,healthy
40.4,17,6270,7.2,52,3.7,healthy
40.4,25,13015,2.9,54,4.3,healthy
40.5,24,13252,2.8,44,6.6,healthy
40.3,34,12857,4.2,45,5.8,healthy
40.6,11,8360,7.2,38,4.1,healthy
40.6,28,5004,2.8,38,4.1,healthy
40.0,18,5004,6.8,61,3.9,healthy
39.3,24,11549,7.1,47,4.7,healthy
40.6,34,5004,6.7,40,3.3,healthy
39.1,17,12421,2.9,45,5.6,healthy
39.9,16,12870,6.3,68,4.5,healthy
39.0,13,12962,2.8,39,6.7,healthy
37.5,28,5301,7.2,38,5.0,healthy
40.2,17,5004,3.0,40,4.7,healthy
39.2,20,5228,2.8,43,3.7,healthy
40.3,11,10052,6.9,48,4.1,healthy
40.5,32,5104,2.9,56,5.6,healthy
38.6,24,13062,3.0,68,6.9,healthy
40.4,28,13257,3.0,74,6.7,healthy
40.5,21,6507,3.0,43,5.0,healthy
40.0,24,11396,2.8,60,6.2,healthy
40.5,34,5453,4.7,37,4.4,unhealthy
38.7,19,12538,6.9,65,7.0,healthy
40.6,29,8969,4.7,52,4.8,healthy
40.6,25,5004,7.2,42,3.4,healthy
38.2,19,5004,2.9,69,6.6,healthy
39.9,28,5004,3.0,51,5.0,healthy
40.6,30,13255,7.0,41,6.6,healthy
38.6,36,5004,2.8,51,6.3,healthy
39.4,17,13257,2.8,61,6.4,healthy
39.8,29,10626,3.0,53,3.0,healthy
39.3,19,12674,7.0,78,3.5,healthy
40.3,39,12350,7.2,58,3.4,healthy
39.8,23,5004,2.9,61,4.0,healthy
40.4,21,12816,4.5,42,6.0,healthy
40.5,24,5077,7.2,40,4.2,healthy
40.5,35,5004,5.0,43,3.4,healthy
40.4,31,6010,6.4,41,5.2,unhealthy
40.6,21,5294,7.2,48,3.9,healthy
40.5,26,9541,2.8,46,5.0,healthy
40.3,33,5004,7.0,56,3.4,healthy
39.0,24,5004,7.2,80,3.2,healthy
40.3,35,13256,3.9,60,5.2,healthy
40.4,17,13247,6.9,69,6.7,healthy
40.3,14,13210,2.8,66,5.9,healthy
40.5,26,5004,3.4,44,4.0,healthy
40.5,16,13257,2.8,61,5.1,healthy
40.4,15,12020,3.1,72,3.7,healthy
40.6,21,5004,7.2,37,4.4,healthy
40.2,17,13253,2.8,69,6.9,healthy
40.5,28,5004,7.2,38,3.4,healthy
39.3,31,13257,5.2,50,6.9,healthy
40.4,29,8462,2.8,72,5.6,healthy
39.5,41,12415,2.9,77,6.8,healthy
39.4,23,13184,7.1,62,5.4,healthy
40.5,32,5004,7.0,37,3.7,healthy
40.5,30,5004,5.3,39,4.7,healthy
40.5,29,5044,3.6,40,3.8,healthy
40.5,24,5004,6.1,49,3.0,healthy
40.4,33,5004,7.2,42,6.5,healthy
39.3,25,12982,2.8,56,4.3,healthy
40.3,18,13257,6.7,38,5.8,healthy
39.5,14,13257,4.6,70,6.7,healthy
39.4,34,11472,7.1,53,4.8,healthy
40.6,31,5004,7.0,50,4.0,unhealthy
40.4,33,13252,6.9,58,6.7,healthy
40.6,20,5004,2.8,62,4.6,healthy
38.7,30,5004,6.6,73,4.0,unhealthy
40.2,25,12074,2.8,40,5.5,unhealthy
40.2,22,5004,3.2,53,5.3,healthy
40.4,35,13233,7.2,61,4.7,healthy
40.1,24,11956,7.2,45,3.4,healthy
40.3,16,13257,7.0,66,6.4,healthy
38.5,31,5039,6.3,45,5.7,healthy
40.6,35,13255,3.0,48,6.5,healthy
40.5,27,5004,4.3,39,3.6,unhealthy
40.2,24,13234,3.4,56,6.9,healthy
40.5,22,5004,3.2,39,3.4,healthy
40.5,29,5004,7.2,66,3.1,healthy
40.6,33,13257,6.4,40,5.7,healthy
38.5,22,6756,6.8,68,6.5,healthy
39.9,40,13257,2.9,81,4.8,healthy
39.9,23,7411,5.8,57,4.0,healthy
37.4,22,13257,2.8,49,4.5,healthy
40.6,29,5004,7.2,45,3.7,healthy
40.6,27,5004,6.4,56,3.9,healthy
40.0,22,5280,7.1,38,6.6,healthy
40.6,24,13255,3.7,63,4.6,healthy
39.8,27,5004,7.2,48,5.0,healthy
39.3,14,12805,3.3,82,5.3,healthy
39.5,36,13257,2.8,63,6.9,unhealthy
40.3,21,13247,3.7,79,3.5,healthy
40.6,27,7409,5.2,60,4.7,healthy
40.3,15,12342,7.2,55,5.8,healthy
40.4,21,12561,5.9,67,6.6,healthy
39.8,22,13218,7.1,61,5.0,healthy
37.8,27,13257,2.9,78,6.5,healthy
40.1,27,8850,7.2,58,3.9,healthy
39.6,23,8352,2.8,47,6.6,healthy
40.3,29,5004,2.8,39,3.7,healthy
40.5,18,13255,2.8,44,3.6,healthy
39.2,21,5470,7.1,49,6.2,healthy
39.6,32,5318,3.6,47,5.6,unhealthy
39.9,32,13217,3.5,66,4.5,healthy
40.6,26,6177,7.2,47,3.7,healthy
40.3,17,5004,2.8,54,6.3,healthy
40.2,22,5004,7.2,51,4.1,healthy
39.9,14,12266,5.2,40,5.1,healthy
40.0,23,6473,7.1,54,4.1,healthy
40.3,22,13191,3.6,46,6.5,healthy
40.5,35,11856,7.0,68,3.9,healthy
40.5,22,5392,7.2,40,5.6,healthy
40.1,27,13257,2.8,75,7.0,healthy
40.6,28,5004,7.1,48,3.1,healthy
40.1,21,5004,7.1,44,4.1,healthy
38.2,18,13257,7.2,63,3.2,healthy
40.6,30,13257,4.1,54,6.3,unhealthy
38.8,28,13209,2.8,75,4.2,healthy
40.4,28,13255,2.9,54,5.0,unhealthy
40.6,21,13246,2.8,56,6.7,healthy
40.5,16,11602,2.8,57,5.1,healthy
40.6,15,10934,5.9,40,3.4,healthy
40.5,32,13225,3.3,48,3.2,healthy
38.5,18,13257,2.8,68,4.4,healthy
40.5,25,5152,7.2,45,3.5,healthy
40.2,21,10840,6.9,65,5.6,healthy
40.6,32,5020,3.0,37,3.6,healthy
40.5,14,13226,6.6,39,6.8,healthy
39.1,16,5004,5.8,40,3.4,healthy
38.9,22,5004,2.8,39,6.8,healthy
38.3,17,12498,2.8,65,6.4,healthy
37.3,20,12426,2.8,46,6.2,healthy
39.6,23,13254,2.8,60,4.8,healthy
39.7,22,13257,4.4,68,5.4,unhealthy
37.8,24,13252,3.1,50,6.2,healthy
40.6,27,5004,7.2,43,5.0,healthy
40.0,33,8501,3.3,66,5.6,healthy
35.2,34,5101,2.9,53,4.9,healthy
40.3,42,5004,7.2,46,3.4,healthy
39.3,21,6045,2.8,50,6.4,unhealthy
39.8,21,5004,4.5,63,6.3,healthy
39.8,18,9268,2.8,72,4.0,healthy
40.3,27,13257,3.3,74,6.1,healthy
40.6,20,5581,2.8,52,4.6,healthy
40.5,36,13257,7.1,63,6.7,healthy
40.5,23,5004,7.2,38,3.0,unhealthy
40.6,32,5004,7.2,40,3.2,healthy
40.6,26,12936,6.9,62,3.2,unhealthy
40.5,26,13257,2.8,73,6.9,healthy
40.4,16,5382,7.2,46,3.9,healthy
40.0,19,13257,3.1,58,4.9,healthy
38.0,25,13257,2.9,71,3.7,healthy
39.9,18,13207,4.0,54,6.0,healthy
38.1,19,13257,4.2,58,5.7,healthy
39.5,19,5004,7.2,50,3.1,healthy
39.1,40,5004,2.8,47,6.0,healthy
40.5,34,6188,2.8,39,6.2,healthy
40.4,38,5708,2.8,59,6.4,unhealthy
40.3,21,5058,5.3,57,3.2,healthy
40.1,33,12403,5.5,43,5.5,healthy
40.1,17,13254,2.8,39,6.3,healthy
39.5,23,6551,2.9,51,6.9,healthy
40.3,20,12909,5.3,44,3.3,healthy
40.6,34,5409,6.3,47,3.9,healthy
40.2,33,5004,2.8,57,6.0,healthy
40.5,29,12782,7.1,60,4.2,healthy
40.0,28,5004,6.4,45,4.1,healthy
39.5,19,8470,6.7,67,3.7,healthy
39.1,23,5004,3.5,48,6.7,healthy
39.8,29,5004,3.0,55,4.0,healthy
40.1,29,13230,3.1,53,7.0,unhealthy
40.1,37,13257,2.8,74,6.6,healthy
39.9,30,13250,3.1,51,5.7,healthy
39.6,31,5004,7.2,59,5.3,healthy
40.6,22,5004,7.2,37,3.9,unhealthy
37.6,16,13114,2.9,58,6.8,healthy
40.4,35,5004,7.1,38,3.2,healthy
40.5,22,5004,2.8,59,3.9,healthy
39.3,32,13256,5.6,56,6.1,healthy
40.1,28,6313,4.1,45,4.2,healthy
39.7,18,12775,3.5,38,3.1,healthy
38.9,21,13257,6.7,70,7.0,healthy
40.5,30,13257,3.3,64,7.0,healthy
40.6,14,5004,2.9,52,6.1,healthy
40.6,39,5004,5.7,39,3.0,healthy
40.5,19,5004,7.1,37,3.3,healthy
40.3,22,6067,2.9,79,4.3,unhealthy
39.8,25,12417,2.8,54,5.0,healthy
39.6,27,5055,2.8,39,6.7,healthy
39.8,19,12066,7.2,38,4.7,healthy
40.6,19,13246,5.6,63,6.9,healthy
40.4,19,13257,7.0,39,6.8,healthy
40.5,36,5004,7.1,40,4.5,healthy
40.5,19,5004,7.1,40,5.0,healthy
40.6,17,13252,6.1,65,6.4,healthy
40.5,20,5088,6.2,39,4.8,healthy
39.2,22,5214,2.8,68,3.1,healthy
40.5,27,13257,2.9,55,5.7,healthy
40.6,34,5004,7.1,55,4.4,healthy
39.4,22,13257,2.8,51,7.0,healthy
40.5,26,5998,4.3,42,5.3,healthy
40.6,23,5004,5.9,39,3.2,healthy
40.5,27,12541,3.5,80,3.4,healthy
37.9,25,13257,5.9,56,4.6,healthy
40.2,23,5162,4.5,55,5.1,unhealthy
39.6,30,5004,7.2,42,4.0,healthy
40.6,15,5202,5.3,38,5.6,healthy
40.5,42,5229,7.2,48,3.3,healthy
39.6,21,13023,3.1,76,4.6,unhealthy
40.5,38,13257,2.9,60,6.9,healthy
40.6,18,12996,2.8,63,4.7,healthy
40.0,20,5004,7.2,38,3.0,healthy
36.7,19,12750,7.2,80,5.2,healthy
40.6,14,5004,7.2,49,3.9,healthy
39.6,17,5741,2.9,41,6.2,healthy
40.5,23,6993,6.7,75,4.9,healthy
40.4,40,5004,7.0,41,6.9,healthy
40.3,21,9551,7.2,69,3.7,healthy
40.5,15,9830,2.8,57,5.7,healthy
38.8,21,13257,2.8,64,5.2,healthy
40.3,16,6839,7.1,73,6.8,healthy
40.4,38,13193,5.6,68,5.7,healthy
40.6,33,11476,4.4,41,6.4,healthy
39.5,21,13239,2.8,78,5.9,healthy
40.6,35,5004,7.0,47,3.5,healthy
40.6,27,5004,7.2,38,3.2,unhealthy
40.4,30,12703,7.0,62,5.1,healthy
39.8,31,13249,2.8,40,6.1,healthy
39.7,17,13257,2.8,82,4.7,healthy
40.1,17,11806,2.8,39,6.6,unhealthy
40.5,34,5121,2.8,46,5.8,unhealthy
40.4,24,10122,7.2,44,3.2,healthy
40.6,16,5004,7.2,62,3.5,healthy
40.5,23,5004,4.3,57,5.8,unhealthy
40.6,21,13074,7.2,44,6.6,healthy
40.5,23,5004,5.6,53,3.5,healthy
39.3,20,5317,4.4,54,4.6,healthy
39.7,23,13257,2.8,71,5.3,healthy
40.5,37,5004,7.2,46,4.6,healthy
39.5,16,13045,3.0,56,6.8,healthy
40.3,37,13257,7.1,71,3.4,healthy
38.1,22,13257,2.8,43,6.6,healthy
40.5,24,5004,6.6,38,3.9,unhealthy
39.9,37,13257,2.8,52,6.8,unhealthy
40.6,23,5130,4.8,48,3.6,unhealthy
40.6,28,6045,6.7,42,6.2,healthy
40.4,33,5004,3.4,43,5.0,unhealthy
39.2,30,5495,2.8,52,3.1,healthy
40.6,18,5227,6.2,40,4.5,healthy
39.9,28,5310,3.6,56,4.8,unhealthy
40.5,25,5004,7.1,43,3.1,healthy
39.0,18,13020,7.0,54,5.9,healthy
40.0,39,12500,3.6,48,4.3,healthy
40.0,16,5157,3.6,44,4.8,healthy
40.6,25,5004,2.8,41,4.1,healthy
40.3,34,5004,5.1,70,4.8,healthy
39.4,27,9431,7.2,43,3.0,healthy
40.3,24,13094,2.8,69,6.8,healthy
40.4,18,12653,3.4,68,7.0,healthy
38.9,22,13196,2.8,80,6.7,healthy
36.8,29,5004,5.5,47,3.5,healthy
40.4,24,10908,6.0,43,5.7,healthy
40.4,23,13257,5.6,80,5.4,healthy
39.8,28,11888,7.0,60,6.3,healthy
40.2,27,5004,7.2,52,3.2,healthy
40.3,28,7090,6.0,57,3.9,healthy
39.9,32,13254,2.9,64,6.4,healthy
38.1,23,5768,2.8,74,6.6,healthy
40.3,19,5004,4.1,44,4.1,unhealthy
40.5,18,5004,7.2,46,4.9,healthy
40.6,28,5215,7.2,49,3.4,healthy
40.6,23,5004,7.2,39,4.5,healthy
40.6,23,13254,5.3,77,4.7,healthy
40.6,36,5346,4.7,70,4.7,healthy
40.6,18,6063,7.1,40,3.9,healthy
40.5,21,6695,4.3,49,6.3,healthy
40.6,24,5212,5.1,52,3.4,healthy
40.6,16,11010,3.5,63,5.7,healthy
39.6,15,11647,3.5,54,6.4,healthy
40.4,22,13255,2.8,47,4.1,healthy
39.8,23,7443,2.8,55,3.8,healthy
40.2,26,13257,2.8,59,6.4,healthy
40.0,21,5150,4.8,39,5.7,healthy
38.9,30,9254,3.2,50,4.7,healthy
40.5,31,5004,7.2,38,3.8,unhealthy
40.5,32,13257,2.8,52,5.5,healthy
39.9,30,7871,7.0,38,5.7,healthy
40.5,19,13257,2.8,63,6.4,healthy
40.4,19,5004,6.8,39,3.1,healthy
40.4,26,6477,4.4,62,6.4,healthy
39.9,33,13242,2.8,73,5.7,healthy
38.5,16,13159,7.1,68,3.4,healthy
39.5,35,13155,2.8,77,6.3,healthy
40.5,27,10276,7.2,38,3.8,healthy
40.6,21,5004,7.2,48,4.1,healthy
40.4,36,7370,5.5,63,6.0,healthy
39.8,27,7429,7.1,42,5.0,healthy
39.0,14,13257,3.9,74,6.9,healthy
40.5,25,13257,3.2,48,4.7,healthy
40.5,29,5020,4.4,53,5.5,healthy
39.6,28,5004,7.2,45,3.5,unhealthy
40.6,31,5004,7.2,37,3.3,healthy
37.2,29,13255,2.8,45,6.6,unhealthy
39.9,33,13257,2.8,44,6.6,healthy
39.9,31,5004,3.1,42,3.6,healthy
40.1,25,13155,2.8,43,4.4,healthy
37.0,28,13257,2.8,70,4.9,healthy
39.5,19,13257,3.8,60,6.9,healthy
40.6,20,13257,7.2,51,6.1,healthy
40.5,26,12604,2.8,59,6.6,healthy
40.0,27,13257,3.1,53,6.6,healthy
39.6,37,13251,2.8,72,6.6,healthy
37.8,17,13257,2.8,50,6.8,unhealthy
39.8,30,7218,6.7,45,5.0,healthy
39.5,36,13257,2.8,60,5.6,healthy
40.0,29,5004,7.2,70,3.0,unhealthy
39.0,15,5368,6.3,52,5.5,healthy
40.3,17,13257,5.3,58,6.0,healthy
40.0,28,13257,2.8,52,6.6,healthy
40.4,43,12612,5.3,45,5.9,healthy
40.1,13,11465,5.9,61,3.9,healthy
40.6,19,5004,7.1,37,3.0,healthy
40.4,37,5004,7.2,42,6.4,healthy
40.5,14,5256,2.8,58,3.1,healthy
38.1,36,12870,6.2,58,6.9,healthy
39.9,28,5005,2.8,57,5.2,healthy
38.9,20,5004,2.8,50,5.4,healthy
39.6,34,13128,2.9,44,5.6,healthy
39.0,25,10467,6.8,68,5.5,healthy
40.2,44,5004,2.8,39,6.0,healthy
39.7,24,5111,2.8,57,3.9,healthy
40.6,44,13251,7.2,49,3.7,healthy
39.9,19,10447,3.2,80,4.3,healthy
40.2,26,12614,6.9,60,5.2,healthy
40.2,29,5004,2.8,45,4.0,healthy
40.5,43,13255,4.7,64,6.4,unhealthy
40.3,29,5004,7.2,38,4.5,healthy
40.3,24,5712,7.2,50,3.2,healthy
40.4,29,5004,7.2,49,3.0,healthy
39.2,41,10502,3.9,44,6.2,healthy
39.1,32,13257,6.6,70,6.9,healthy
40.3,17,9389,6.1,45,3.6,healthy
37.3,23,13257,2.8,65,4.1,healthy
39.4,25,6053,2.8,58,5.5,healthy
40.6,28,8167,2.8,57,6.4,healthy
40.0,23,7697,3.3,56,4.5,healthy
40.1,27,13257,6.3,58,5.1,unhealthy
40.3,21,13256,4.8,53,5.9,healthy
39.4,29,13257,5.1,69,6.7,healthy
39.9,16,12834,2.8,46,6.8,healthy
40.3,15,7957,6.7,48,3.1,healthy
39.7,23,13257,5.5,43,6.3,healthy
40.6,25,5004,7.2,37,3.1,healthy
39.2,23,13257,2.8,79,4.7,healthy
39.8,36,9173,7.2,38,3.1,healthy
36.6,17,13257,3.0,76,4.6,healthy
40.5,40,13232,2.8,74,5.8,unhealthy
38.9,29,5370,6.4,58,5.6,healthy
40.5,28,5004,7.2,49,4.2,healthy
37.4,20,13123,6.1,53,5.4,healthy
39.2,20,13132,2.8,47,6.4,healthy
40.0,27,13257,2.8,47,4.7,healthy
39.3,33,5004,3.4,75,4.4,healthy
40.2,33,5946,7.2,40,5.5,healthy
40.1,29,12822,7.2,60,4.2,healthy
38.9,22,13257,6.1,77,5.2,healthy
39.9,37,13257,2.9,62,5.3,healthy
40.4,28,5148,2.9,42,5.7,healthy
40.5,29,5004,7.1,54,4.6,healthy
40.3,21,12531,2.8,53,5.4,healthy
40.5,27,5147,3.4,49,4.2,healthy
40.4,24,13237,5.9,62,6.1,healthy
39.6,14,13257,2.9,74,4.5,healthy
40.3,37,13255,3.6,40,6.1,unhealthy
40.5,21,5226,3.5,54,6.3,healthy
39.8,29,13257,2.8,58,6.6,healthy
40.6,19,5004,7.2,38,3.2,healthy
40.0,32,12501,2.8,43,5.2,healthy
40.0,24,5020,2.8,38,3.2,unhealthy
40.6,22,5124,7.2,50,3.4,unhealthy
40.3,26,13251,3.2,56,5.7,healthy
40.5,13,5004,7.2,39,3.7,healthy
40.5,28,12889,6.2,39,6.6,healthy
40.6,32,11101,7.2,39,3.2,unhealthy
40.0,18,8940,7.2,42,4.5,healthy
36.7,34,13257,2.8,82,5.7,healthy
40.6,22,5004,7.0,39,3.5,healthy
40.4,31,5535,6.6,67,6.4,healthy
40.2,41,5004,7.1,65,4.1,healthy
40.0,18,5004,7.2,45,3.3,healthy
40.5,24,6717,2.8,48,3.8,healthy
40.6,29,5011,4.1,39,3.8,healthy
40.4,42,5004,5.3,52,5.9,healthy
40.6,31,5004,7.2,40,4.0,unhealthy
40.5,31,5004,7.2,37,3.0,unhealthy
39.7,20,6441,3.9,44,4.4,healthy
39.0,14,13189,3.7,68,5.5,healthy
40.3,24,13254,2.8,46,6.7,healthy
40.6,22,13209,2.8,52,5.7,healthy
39.7,22,8668,4.7,64,4.6,healthy
40.5,20,5004,7.2,44,3.1,healthy
40.6,26,5004,3.6,50,4.6,healthy
39.8,19,5364,7.2,66,3.8,healthy
38.9,15,6346,2.8,38,5.4,healthy
39.2,19,10166,7.2,68,6.8,healthy
39.8,15,5004,2.9,38,5.2,healthy
40.5,27,6914,6.6,44,5.3,healthy
39.6,34,8280,4.2,45,6.8,healthy
40.0,22,13257,7.1,66,5.0,healthy
40.0,20,5004,7.2,50,4.6,healthy
40.6,32,5405,4.1,43,5.6,healthy
40.2,37,9828,3.0,61,6.5,healthy
38.7,16,6103,2.8,79,3.6,healthy
40.0,25,13257,2.8,56,3.7,healthy
37.4,25,5051,7.1,42,5.4,unhealthy
40.4,19,5004,7.0,43,3.8,healthy
38.9,11,13257,5.2,76,3.2,healthy
40.6,24,5044,7.1,49,6.4,healthy
40.6,30,5156,3.6,57,3.6,healthy
40.5,31,13139,2.8,77,5.0,healthy
40.1,23,13257,7.2,72,6.3,healthy
40.5,23,13240,2.8,56,5.5,unhealthy
40.4,34,11613,6.4,50,5.4,healthy
40.4,26,13252,7.2,55,5.6,healthy
40.3,21,5004,6.6,46,3.4,healthy
38.6,32,5004,4.5,54,4.3,healthy
38.6,31,13250,7.1,68,6.0,healthy
40.2,22,13257,2.8,60,6.8,healthy
40.5,18,13257,2.8,43,6.0,healthy
39.2,31,13249,4.7,57,3.4,healthy
38.7,24,6178,3.4,40,5.1,healthy
40.6,29,5004,5.8,44,5.4,healthy
40.6,26,5004,5.2,39,3.1,unhealthy
40.6,27,13136,2.9,48,4.6,healthy
39.7,15,12958,3.4,62,5.7,healthy
40.3,24,5004,7.1,40,3.3,unhealthy
38.5,13,13249,2.8,72,3.7,healthy
40.1,31,12174,5.4,54,5.5,healthy
40.4,24,13257,2.9,64,3.2,healthy
39.9,19,5004,6.7,47,3.2,healthy
39.1,22,13203,3.1,64,5.8,healthy
40.2,36,5004,7.0,43,5.9,unhealthy
40.1,17,5004,7.2,37,3.2,unhealthy
37.9,13,13106,3.0,71,3.8,healthy
40.6,17,13219,6.4,45,7.0,healthy
36.6,19,13061,2.8,80,6.7,healthy
39.5,26,13255,2.8,58,6.1,healthy
40.4,27,5004,4.8,51,4.4,healthy
40.2,36,8589,5.9,44,4.0,unhealthy
39.4,21,11998,6.2,76,4.3,healthy
39.8,22,5004,6.9,50,6.3,healthy
40.2,28,11251,3.3,62,3.5,healthy
39.4,35,6392,4.3,38,4.4,healthy
40.4,21,5004,2.8,51,5.1,healthy
40.3,16,5669,5.0,61,6.7,healthy
40.5,14,5542,5.7,39,6.4,healthy
39.2,33,13257,2.8,65,6.8,healthy
40.2,33,5004,5.3,43,3.1,healthy
40.6,21,5004,7.1,37,3.0,unhealthy
39.1,19,5213,6.8,63,4.9,healthy
38.5,26,13257,2.8,53,4.7,healthy
40.6,25,5013,4.5,43,3.3,healthy
40.1,17,12057,6.9,43,6.5,unhealthy
40.2,27,9980,3.4,70,4.5,healthy
38.9,26,11202,2.8,65,6.3,healthy
40.6,33,11284,2.8,37,4.0,healthy
39.4,24,5004,3.9,38,5.1,healthy
39.7,19,13257,5.7,66,6.3,healthy
40.6,15,10038,3.6,57,3.4,healthy
40.4,22,13257,2.8,59,6.2,healthy
39.1,32,5004,3.3,55,5.1,healthy
40.2,26,5004,7.2,39,3.1,healthy
38.4,38,10871,2.8,52,5.9,healthy
40.4,31,5004,2.8,40,3.5,healthy
40.2,30,13253,2.8,40,6.9,unhealthy
40.5,24,9646,5.3,63,4.3,healthy
40.5,25,13257,2.8,47,6.4,healthy
40.5,28,5004,7.2,44,5.2,healthy
40.3,20,7909,4.1,41,3.4,healthy
40.6,23,5851,7.2,80,3.3,healthy
35.9,24,13091,2.8,60,4.7,healthy
40.6,28,13030,6.1,39,5.1,unhealthy
40.4,22,5004,5.2,41,3.1,healthy
40.6,32,6298,6.7,40,4.3,unhealthy
40.6,20,13257,3.9,60,5.8,unhealthy
40.4,31,13257,4.4,55,7.0,unhealthy
38.0,18,6877,5.8,81,6.8,healthy
39.4,25,9252,7.2,41,3.2,healthy
40.0,28,5004,7.0,38,6.8,healthy
39.2,20,5004,7.2,40,6.5,unhealthy
40.6,33,6230,7.1,55,4.1,unhealthy
38.6,23,13247,6.9,79,4.4,healthy
40.6,27,13254,3.0,70,6.3,healthy
40.1,33,5004,7.1,54,5.4,healthy
39.6,20,13257,2.8,63,4.8,healthy
40.5,22,11956,2.9,45,4.4,healthy
40.6,25,10177,4.5,51,3.2,healthy
40.0,29,13218,3.9,66,5.6,healthy
40.6,22,5004,5.5,57,3.6,healthy
40.5,30,13247,7.0,68,6.9,healthy
40.4,41,13186,2.8,76,6.1,healthy
40.6,36,8957,3.5,48,5.8,healthy
39.1,15,13257,2.8,61,4.5,healthy
38.6,27,13257,2.8,59,4.7,unhealthy
40.5,25,5381,4.4,58,6.6,healthy
40.3,18,13257,6.7,62,4.1,healthy
40.1,26,13254,2.8,62,6.9,healthy
39.8,20,13257,2.9,74,6.9,healthy
38.9,28,12958,4.4,50,5.9,healthy
38.6,33,13257,2.8,67,4.0,healthy
40.5,19,13257,7.0,52,4.2,unhealthy
39.7,28,8258,2.8,50,6.2,healthy
40.5,15,9317,4.3,56,3.2,healthy
40.5,33,12459,2.8,68,6.3,healthy
40.4,39,5004,3.2,52,6.7,unhealthy
40.1,25,5004,7.2,53,3.3,healthy
40.6,31,13257,6.0,52,3.9,healthy
40.6,26,7813,2.8,62,5.2,healthy
38.7,22,13257,2.8,51,7.0,healthy
39.0,23,7868,3.2,60,3.9,healthy
40.6,41,10687,3.2,46,6.7,healthy
40.5,21,5023,7.0,45,5.0,healthy
40.6,20,13257,2.9,41,4.6,unhealthy
40.4,31,5004,6.5,60,5.9,healthy
39.9,22,7321,6.5,55,6.8,healthy
39.0,31,5992,7.2,54,6.4,healthy
39.0,19,13194,3.0,67,3.3,healthy
39.2,23,11823,2.9,75,7.0,healthy
40.4,32,5004,7.2,37,4.1,healthy
39.5,17,13257,5.6,59,5.6,healthy
39.7,16,13242,2.8,72,6.7,healthy
40.5,31,5004,7.2,37,5.4,healthy
40.2,21,8876,3.8,57,6.3,healthy
40.3,25,12879,4.0,70,5.8,healthy
40.5,23,10350,7.2,39,6.7,healthy
40.1,18,13257,2.8,53,5.2,healthy
38.5,15,10232,3.7,74,6.0,healthy
40.1,19,13255,2.9,49,7.0,healthy
40.4,22,13257,3.4,74,6.3,healthy
38.2,25,13029,2.8,79,5.7,healthy
39.6,29,5004,5.7,47,3.8,healthy
39.6,12,5004,3.3,38,5.6,healthy
38.0,21,13255,3.2,83,3.6,healthy
40.0,32,11762,3.6,78,5.1,healthy
39.5,28,5004,7.1,49,3.8,healthy
40.6,17,5004,7.1,38,3.9,healthy
40.5,23,12780,6.4,38,4.5,healthy
40.1,34,13257,4.1,60,4.4,healthy
40.6,14,12908,4.8,52,5.3,healthy
40.6,25,12111,3.6,38,5.2,healthy
39.2,16,12774,6.5,62,6.9,healthy
40.6,19,5004,3.4,38,5.3,healthy
40.6,17,13237,5.9,66,6.5,healthy
40.4,22,13036,4.6,43,5.2,healthy
38.6,11,5004,4.8,51,3.8,healthy
40.5,21,5330,4.9,67,6.5,healthy
40.3,36,13257,2.8,45,5.0,unhealthy
39.2,25,13257,6.5,47,4.6,healthy
39.2,16,13190,2.8,53,5.1,healthy
40.5,31,5004,4.3,41,6.8,unhealthy
40.5,25,5004,6.8,56,4.8,healthy
39.2,19,10692,2.8,61,4.6,healthy
40.6,36,5333,2.8,62,6.7,healthy
40.5,30,5004,7.0,57,4.5,healthy
40.1,20,13047,7.2,47,6.5,healthy
40.2,30,13257,2.8,65,5.7,healthy
40.5,20,10169,5.2,54,4.3,healthy
38.8,34,12784,7.0,57,4.1,healthy
38.9,22,13236,2.8,68,5.8,healthy
35.4,34,13257,2.8,79,7.0,unhealthy
40.4,22,10139,4.6,57,4.1,healthy
40.6,21,6367,7.2,38,5.9,healthy
40.6,21,12626,3.1,45,4.3,healthy
35.9,20,13254,2.8,81,6.9,healthy
40.2,13,7507,7.1,59,4.8,healthy
39.6,27,13257,2.8,40,6.4,healthy
40.5,16,9341,7.2,78,3.2,healthy
40.2,35,5004,7.2,39,5.1,healthy
40.4,30,5347,3.9,42,5.2,healthy
39.8,23,5259,3.1,46,6.0,healthy
39.9,20,5004,7.2,39,4.1,healthy
39.1,21,5380,3.0,39,4.2,healthy
40.1,21,13257,2.9,55,6.7,healthy
40.2,21,13257,3.0,59,5.1,healthy
40.6,19,5004,7.2,53,3.2,healthy
40.6,27,5004,3.0,37,6.0,healthy
38.2,24,13257,2.8,78,5.3,healthy
40.2,26,5004,6.0,59,3.9,healthy
40.5,18,6963,5.7,48,4.5,healthy
39.2,16,13257,7.2,73,3.4,healthy
37.4,24,5010,5.9,52,5.8,healthy
40.1,29,12561,2.8,52,6.4,healthy
38.8,34,13045,5.1,46,4.4,unhealthy
40.5,26,13235,2.8,73,3.2,healthy
40.1,12,13209,2.8,52,4.5,healthy
39.4,26,5123,4.3,53,5.8,healthy
40.3,20,13205,2.8,75,6.4,healthy
39.3,34,5014,3.0,53,7.0,healthy
40.4,19,5861,2.8,50,5.2,healthy
40.6,18,5004,7.1,42,6.5,healthy
40.3,28,13257,2.9,61,7.0,healthy
40.0,30,5004,7.2,37,3.6,healthy
40.5,24,12978,2.8,79,7.0,healthy
39.9,32,12302,3.0,49,4.4,healthy
40.2,25,13168,2.8,77,6.8,unhealthy
40.4,35,9883,7.1,49,6.3,healthy
40.5,20,5004,2.8,39,3.5,healthy
40.6,32,13257,2.8,67,6.5,healthy
39.9,29,5008,4.2,51,3.1,healthy
40.5,15,11967,6.5,52,5.5,healthy
40.1,35,13245,3.0,74,3.8,healthy
39.8,25,5064,7.2,64,5.8,healthy
39.4,43,13257,4.5,58,6.2,healthy
38.7,27,5532,6.6,44,5.6,healthy
40.3,30,13061,4.9,55,4.6,healthy
40.3,16,12494,7.2,54,5.7,healthy
40.6,15,5004,6.3,41,5.4,healthy
39.5,14,5004,5.6,49,4.6,healthy
40.4,23,5004,7.2,41,4.3,healthy
40.6,18,13257,2.8,54,6.3,healthy
38.7,15,13257,3.7,49,6.2,healthy
38.8,16,13212,3.9,65,5.7,healthy
39.7,19,11459,2.8,51,5.9,healthy
40.6,20,5004,7.2,50,3.6,healthy
40.6,25,5004,7.2,38,3.3,healthy
38.9,31,5004,7.1,38,6.6,healthy
39.0,17,13199,4.4,76,6.6,healthy
40.5,22,7777,5.4,44,6.7,healthy
39.5,18,13251,3.2,70,5.4,healthy
40.5,14,5052,7.0,52,3.0,healthy
40.4,20,13257,2.8,66,5.7,healthy
40.6,11,6140,2.8,38,3.6,healthy
40.5,16,5171,2.8,38,4.5,healthy
40.1,28,13257,2.9,40,7.0,healthy
40.4,18,10716,3.0,45,5.4,healthy
40.2,23,5004,2.8,58,3.4,healthy
40.5,30,5271,7.2,43,4.1,healthy
40.4,13,13255,3.1,65,3.3,healthy
40.5,33,5004,2.9,38,4.2,healthy
39.9,23,13257,7.0,74,4.3,healthy
40.3,29,5004,3.3,52,5.7,healthy
40.5,26,5004,7.2,42,4.0,healthy
40.4,22,5004,7.2,38,5.3,healthy
40.4,34,12640,5.1,76,6.2,healthy
40.2,11,12437,6.5,38,5.7,healthy
38.4,29,6891,3.0,47,6.6,healthy
40.6,18,9985,3.6,44,3.2,healthy
39.7,20,13033,2.8,63,5.9,healthy
39.0,27,13108,7.2,71,6.7,unhealthy
39.6,37,5004,5.1,70,4.6,healthy
40.6,33,6972,2.9,65,6.2,healthy
40.2,35,12831,4.7,67,5.5,healthy
38.9,15,13257,3.3,77,4.0,healthy
39.7,16,13082,7.2,53,3.3,healthy
39.9,18,5462,6.7,59,4.6,healthy
40.2,31,13216,2.8,46,5.7,healthy
40.4,24,13257,2.9,70,6.8,healthy
38.5,26,13251,2.8,56,6.9,healthy
40.4,17,5004,7.1,38,3.2,unhealthy
40.3,32,5004,7.2,71,4.5,healthy
39.6,24,13257,2.8,69,5.7,unhealthy
40.2,15,13257,6.3,45,3.9,healthy
40.6,31,13257,7.0,58,5.4,healthy
39.1,21,13255,3.0,54,6.0,healthy
40.4,41,12906,7.2,68,4.5,unhealthy
40.2,36,5004,7.2,39,3.4,healthy
38.2,21,10001,2.8,75,4.8,healthy
40.4,30,5611,6.9,44,4.6,healthy
40.4,23,5004,7.0,40,4.1,healthy
40.6,31,5041,7.2,46,3.4,unhealthy
39.2,29,5004,7.2,38,3.9,healthy
40.5,29,5004,3.1,51,3.2,unhealthy
40.6,23,12550,5.7,41,4.8,healthy
39.0,31,13257,6.4,45,6.3,healthy
40.4,25,12962,3.0,80,3.5,healthy
39.8,25,11680,5.7,43,5.3,healthy
39.9,16,11962,2.8,55,6.3,healthy
40.6,15,13255,2.8,63,5.1,healthy
39.8,33,13236,2.8,37,6.6,healthy
40.2,23,5004,6.0,45,3.5,healthy
39.9,13,13237,2.8,51,6.2,healthy
39.4,17,5004,2.9,44,5.0,unhealthy
37.9,18,12569,3.8,68,4.9,healthy
40.1,32,9763,6.8,59,3.4,healthy
39.3,32,5004,2.8,43,3.9,unhealthy
40.4,36,5004,2.9,50,6.5,unhealthy
40.2,16,5077,5.5,61,4.5,healthy
40.6,24,5004,6.5,50,3.6,unhealthy
36.6,24,13257,2.8,70,7.0,healthy
37.5,13,13257,2.8,72,6.9,healthy
40.4,25,5004,3.6,38,6.7,healthy
40.4,13,5004,7.0,38,4.4,healthy
39.0,33,11055,2.8,64,6.8,healthy
37.3,20,13073,2.8,77,3.2,healthy
38.6,19,13252,2.9,49,4.6,healthy
40.2,31,5236,3.3,52,3.5,healthy
40.4,29,10752,6.9,59,3.3,healthy
40.1,23,13253,6.5,42,5.8,healthy
40.6,24,9125,2.9,69,5.9,healthy
40.6,36,12711,2.8,71,4.7,healthy
37.3,18,5004,7.1,55,3.9,healthy
40.4,31,5004,7.1,59,3.1,healthy
40.3,40,5004,4.4,37,3.2,unhealthy
38.8,23,5154,7.2,39,4.3,healthy
40.5,22,7125,7.2,57,3.7,healthy
40.2,21,5004,7.0,48,3.1,healthy
39.6,11,5456,7.1,53,3.4,healthy
36.1,28,13257,3.1,69,6.6,healthy
40.4,32,13255,7.1,59,5.1,healthy
40.4,32,13257,2.8,44,4.6,healthy
40.6,31,5330,7.2,60,3.5,healthy
40.6,29,5004,7.1,38,4.0,healthy
40.1,22,12746,6.3,44,4.0,healthy
40.1,39,11951,2.8,69,6.5,healthy
40.5,16,5034,2.8,40,6.3,healthy
40.4,29,13257,3.0,47,6.0,healthy
40.5,14,5004,7.2,42,3.5,healthy
39.6,26,13256,3.3,58,3.3,unhealthy
40.5,29,13067,7.1,49,6.8,healthy
39.3,25,13122,6.7,46,4.0,healthy
39.8,21,8485,2.8,41,4.5,healthy
40.3,21,8191,5.6,49,4.1,healthy
40.3,20,13257,7.1,83,5.9,healthy
40.6,22,6278,7.1,48,5.1,healthy
40.4,33,9863,7.2,69,4.8,healthy
39.9,24,10019,6.9,44,3.3,healthy
40.4,21,13256,2.8,81,6.9,healthy
40.4,28,5004,2.8,50,4.2,healthy
40.6,26,13249,5.0,67,6.7,healthy
39.6,18,13257,3.0,75,7.0,healthy
38.3,28,5846,2.8,69,6.8,healthy
40.4,31,13257,2.8,65,6.1,healthy
40.1,18,11192,3.4,39,5.3,healthy
38.9,25,5763,3.3,55,6.2,healthy
40.6,37,5004,7.2,54,6.5,unhealthy
40.6,19,5004,7.0,40,3.1,healthy
39.8,35,13257,2.8,48,6.5,healthy
40.5,43,8898,3.9,46,4.2,unhealthy
40.6,29,5232,6.2,40,3.2,unhealthy
39.8,25,12633,2.8,45,5.6,healthy
40.1,23,13143,6.8,45,6.0,healthy
40.6,31,5004,7.2,40,3.5,healthy
39.2,35,13257,2.8,54,6.8,healthy
39.8,22,5004,6.8,44,3.8,healthy
40.5,32,5004,6.6,77,5.0,healthy
37.0,11,7419,3.0,45,5.1,healthy
40.2,25,12354,5.7,57,5.6,healthy
40.6,34,9677,2.8,37,6.4,healthy
40.6,18,5004,4.1,45,3.1,healthy
40.2,29,11895,2.8,79,4.6,unhealthy
40.4,17,13257,2.8,43,4.8,healthy
40.5,32,13245,2.9,50,4.3,healthy
39.8,19,8403,3.0,63,6.9,healthy
40.5,26,8805,7.2,52,3.2,healthy
39.9,15,8177,4.3,60,6.7,healthy
40.4,23,13245,4.8,76,5.6,healthy
37.0,16,13253,2.9,55,4.6,healthy
40.3,34,13253,3.1,48,4.3,unhealthy
40.6,20,5004,6.7,39,3.1,healthy
40.6,18,13250,3.2,70,4.8,healthy
39.4,35,13099,2.8,41,5.8,healthy
39.5,19,5004,7.2,42,5.2,unhealthy
40.5,20,9894,7.2,54,3.2,healthy
40.2,17,10203,2.8,68,4.4,healthy
38.2,27,13255,2.8,79,5.9,healthy
39.5,18,13257,2.9,82,4.0,healthy
39.7,21,11892,2.9,49,5.6,healthy
40.5,27,13233,3.5,56,6.8,healthy
37.3,33,9397,2.8,60,5.2,healthy
40.2,20,5004,6.9,42,5.0,healthy
39.1,19,10651,2.8,61,6.6,healthy
40.4,15,5004,7.2,39,4.1,healthy
40.3,25,5004,7.1,50,4.1,healthy
39.5,30,5455,7.2,52,5.8,healthy
40.6,20,5004,7.1,56,6.9,healthy
35.7,32,13257,2.8,71,6.2,healthy
40.2,19,5004,5.8,53,6.2,healthy
40.4,27,5004,7.1,46,3.4,unhealthy
40.3,29,5004,7.2,53,4.3,healthy
40.4,27,6624,4.5,38,4.9,healthy
39.8,28,5004,6.8,45,4.6,healthy
40.1,13,5004,3.1,37,3.6,unhealthy
40.0,35,5119,5.1,53,3.5,unhealthy
40.2,38,12400,2.8,62,6.7,healthy
39.6,26,13257,3.8,78,5.1,healthy
39.9,18,13257,2.8,78,6.9,healthy
39.5,25,10776,3.6,48,4.7,healthy
40.0,20,13243,5.3,70,6.0,healthy
40.2,36,5004,7.2,67,3.6,healthy
38.6,16,13256,2.8,69,7.0,healthy
37.1,16,13249,2.8,48,5.8,healthy
40.1,21,5847,3.1,54,4.7,healthy
40.6,25,12349,7.2,57,5.4,healthy
40.6,28,5004,7.2,41,3.1,healthy
39.5,19,13254,2.8,80,4.9,healthy
40.6,30,5004,2.8,40,5.1,healthy
37.6,30,13257,2.8,74,5.2,healthy
40.6,21,13255,2.8,61,5.2,healthy
40.5,22,8599,4.5,40,4.1,healthy
40.3,22,13253,3.0,40,6.6,healthy
38.1,16,5103,4.1,40,6.4,unhealthy
40.6,27,13231,5.8,40,4.2,healthy
39.9,29,13256,3.4,48,6.6,healthy
40.5,22,13241,2.9,42,3.4,healthy
38.9,26,5004,2.8,51,4.9,unhealthy
40.2,31,5934,2.8,45,6.0,healthy
39.4,22,13257,2.8,75,5.6,healthy
39.3,36,13235,2.8,77,7.0,healthy
40.5,26,5004,7.2,37,4.5,healthy
39.2,31,13250,2.8,67,5.9,unhealthy
39.6,32,6330,2.9,55,5.8,healthy
40.4,42,9183,2.8,73,6.1,unhealthy
40.2,24,12857,4.2,40,6.3,healthy
40.0,24,6822,6.9,41,6.2,healthy
39.1,16,12877,6.9,67,5.4,unhealthy
40.3,31,6532,3.4,48,6.1,healthy
40.6,32,13252,6.9,41,5.7,healthy
40.6,31,5004,7.1,45,3.7,healthy
40.3,33,13257,5.1,70,6.6,healthy
40.5,21,13257,4.8,78,6.3,unhealthy
40.4,37,5004,7.2,42,4.6,unhealthy
40.0,29,13257,2.8,62,6.1,healthy
39.6,27,13251,4.1,64,4.5,healthy
40.6,21,5004,4.0,50,3.0,healthy
40.6,33,5004,7.2,41,3.5,healthy
39.9,37,13250,3.1,82,6.7,healthy
40.3,15,5459,7.2,55,3.9,healthy
40.1,28,13198,6.8,70,6.3,healthy
40.5,28,13208,7.2,52,4.7,unhealthy
39.5,28,13257,2.8,59,3.9,healthy
39.1,27,13182,5.3,71,6.9,healthy
40.1,18,5004,7.2,40,3.9,healthy
40.6,19,7504,2.8,56,5.1,healthy
39.8,29,5004,6.0,38,4.9,healthy
40.2,28,13186,2.8,65,5.9,healthy
40.1,32,7047,7.1,65,5.5,healthy
39.7,20,12757,6.6,64,5.2,healthy
40.3,34,5004,7.2,41,5.1,healthy
39.4,35,13257,7.0,81,4.0,healthy
40.6,20,5004,7.2,37,3.9,healthy
40.6,18,5004,7.2,37,3.9,healthy
40.6,24,7507,7.2,44,4.0,unhealthy
39.4,26,13256,3.6,45,6.8,healthy
39.9,22,13257,2.8,71,7.0,healthy
39.9,28,12980,3.2,49,5.4,healthy
39.8,29,5157,3.2,48,4.8,healthy
40.6,42,5004,3.4,37,3.7,healthy
40.6,16,5498,7.0,53,3.8,healthy
40.6,23,5004,6.3,41,3.5,healthy
39.7,14,13248,2.8,46,6.1,healthy
39.8,15,13204,3.0,49,5.3,healthy
39.2,17,13257,2.8,47,6.9,healthy
40.1,28,5054,7.2,50,3.3,healthy
39.9,15,8565,6.4,60,3.8,healthy
39.8,20,13257,2.8,80,4.7,healthy
40.3,36,5004,6.9,43,4.3,healthy
40.6,19,12631,7.2,41,3.5,healthy
40.6,15,5550,7.0,75,5.2,healthy
39.0,19,13256,3.0,67,5.5,healthy
38.7,18,5004,2.8,51,3.9,healthy
40.6,32,5004,3.4,38,3.9,healthy
40.4,15,13257,2.8,53,5.9,healthy
40.4,25,5305,7.2,50,6.1,healthy
40.6,31,13165,2.8,69,6.6,healthy
39.4,24,13033,2.8,52,6.0,healthy
39.7,38,12684,2.9,46,6.0,healthy
37.9,40,13257,6.2,75,7.0,unhealthy
40.6,15,5353,4.1,39,3.5,healthy
40.0,33,13257,3.1,53,6.7,healthy
38.3,34,5004,4.0,38,5.2,healthy
40.6,42,5004,2.9,42,3.6,unhealthy
40.0,23,9760,5.9,39,3.5,unhealthy
40.2,22,6195,5.8,52,5.5,healthy
39.8,22,5004,2.8,61,5.1,unhealthy
39.4,25,6432,5.1,55,6.4,healthy
40.2,30,12921,6.7,62,6.6,unhealthy
38.9,18,12938,6.9,54,4.2,healthy
40.4,27,5322,3.6,64,4.7,unhealthy
40.1,16,8810,5.5,74,4.1,healthy
40.4,25,5207,7.2,69,4.2,healthy
39.4,24,12262,4.1,70,4.9,unhealthy
40.3,28,13254,3.0,57,4.9,healthy
39.7,29,13240,2.8,76,5.5,healthy
39.7,29,10226,3.4,67,5.9,healthy
40.2,29,5938,7.0,38,3.8,healthy
40.2,17,13243,4.9,68,6.4,healthy
38.4,24,13061,3.6,41,6.6,healthy
39.9,19,10120,4.3,43,4.0,healthy
38.2,31,5366,4.6,52,4.0,healthy
40.1,16,6139,4.0,44,6.2,healthy
39.9,33,7286,2.8,50,6.6,healthy
36.6,21,12936,4.0,66,7.0,healthy
40.1,31,13187,7.2,71,3.0,healthy
40.5,27,13253,7.2,43,6.4,unhealthy
37.3,18,13257,2.8,70,3.9,healthy
40.6,39,5004,7.2,45,5.9,unhealthy
40.0,24,13257,2.8,54,6.0,healthy
40.4,20,13257,2.8,76,4.7,healthy
40.4,26,5004,6.4,47,3.7,healthy
40.3,15,5004,3.7,46,3.2,healthy
40.1,25,13218,3.0,43,4.1,healthy
39.2,28,10694,2.8,57,6.8,healthy
40.1,33,8931,3.5,47,6.3,healthy
40.4,33,5294,6.5,39,3.5,healthy
39.6,37,8240,5.5,62,5.0,unhealthy
40.1,12,5004,6.6,46,3.3,healthy
37.7,22,5004,6.2,46,4.3,healthy
40.1,33,11344,2.8,52,4.1,healthy
39.7,38,7145,4.1,55,5.1,healthy
39.8,27,13225,5.3,55,3.4,healthy
36.6,23,13257,6.8,44,6.5,healthy
40.4,18,13257,4.7,73,4.6,healthy
39.2,29,8429,2.8,68,4.7,healthy
40.5,28,5004,7.2,37,3.1,unhealthy
40.6,16,9604,7.0,40,5.9,healthy
40.0,20,5004,3.5,44,4.8,healthy
39.6,25,13257,2.8,55,5.0,healthy
40.4,18,13257,3.2,71,5.5,healthy
39.5,26,13250,2.8,76,3.9,unhealthy
40.1,25,12889,4.5,52,6.9,healthy
40.1,19,11485,3.4,47,6.6,healthy
40.5,29,10992,6.9,41,5.3,healthy
40.2,32,5004,2.8,43,6.6,healthy
37.9,24,11572,6.9,73,6.4,healthy
40.5,40,13257,4.2,72,6.4,unhealthy
40.3,32,6716,7.2,60,5.9,healthy
40.6,23,6229,2.8,40,5.1,healthy
39.7,15,10615,6.1,60,3.2,healthy
40.5,16,5004,7.2,37,3.0,unhealthy
40.4,18,6590,2.8,67,4.7,healthy
40.6,25,5004,7.2,42,3.9,healthy
